INSERT INTO `ENUMERATION_TYPE` (`ENUM_TYPE_ID`, `PARENT_TYPE_ID`, `HAS_TABLE`, `DESCRIPTION`, `LAST_UPDATED_STAMP`, `LAST_UPDATED_TX_STAMP`, `CREATED_STAMP`, `CREATED_TX_STAMP`) VALUES
('GLOBAL_PREFERENCES', NULL, 'N', 'Global preferences', '2011-07-20 19:48:46', '2011-07-20 19:48:46', '2011-07-20 19:48:46', '2011-07-20 19:48:46'),
('VT_RES_TYPE', NULL, 'N', 'Visual Theme Resource Type (stylesheet, javascript file, etc)', '2011-07-20 19:48:23', '2011-07-20 19:48:22', '2011-07-20 19:48:23', '2011-07-20 19:48:22');

INSERT INTO `ENUMERATION` (`ENUM_ID`, `ENUM_TYPE_ID`, `ENUM_CODE`, `SEQUENCE_ID`, `DESCRIPTION`, `LAST_UPDATED_STAMP`, `LAST_UPDATED_TX_STAMP`, `CREATED_STAMP`, `CREATED_TX_STAMP`) VALUES
('VISUAL_THEME', 'GLOBAL_PREFERENCES', NULL, '2', 'Visual Theme', '2011-07-20 19:48:46', '2011-07-20 19:48:46', '2011-07-20 19:48:46', '2011-07-20 19:48:46'),
('VT_DOCBOOKSTYLESHEET', 'VT_RES_TYPE', NULL, '03', 'Docbook Style Sheet URL', '2011-07-20 19:48:23', '2011-07-20 19:48:22', '2011-07-20 19:48:23', '2011-07-20 19:48:22'),
('VT_EXTRA_HEAD', 'VT_RES_TYPE', NULL, '06', 'Additional <tt><head></tt> Element Markup', '2011-07-20 19:48:23', '2011-07-20 19:48:22', '2011-07-20 19:48:23', '2011-07-20 19:48:22'),
('VT_FTR_JAVASCRIPT', 'VT_RES_TYPE', NULL, '11', 'Footer JavaScript File URL', '2011-07-20 19:48:23', '2011-07-20 19:48:22', '2011-07-20 19:48:23', '2011-07-20 19:48:22'),
('VT_FTR_TMPLT_LOC', 'VT_RES_TYPE', NULL, '10', 'Footer Template Location', '2011-07-20 19:48:23', '2011-07-20 19:48:22', '2011-07-20 19:48:23', '2011-07-20 19:48:22'),
('VT_HDR_IMAGE_URL', 'VT_RES_TYPE', NULL, '07', 'Masthead/Branding Logo Image URL', '2011-07-20 19:48:23', '2011-07-20 19:48:22', '2011-07-20 19:48:23', '2011-07-20 19:48:22'),
('VT_HDR_JAVASCRIPT', 'VT_RES_TYPE', NULL, '09', 'Header JavaScript File URL', '2011-07-20 19:48:23', '2011-07-20 19:48:22', '2011-07-20 19:48:23', '2011-07-20 19:48:22'),
('VT_HDR_TMPLT_LOC', 'VT_RES_TYPE', NULL, '08', 'Header Template Location', '2011-07-20 19:48:23', '2011-07-20 19:48:22', '2011-07-20 19:48:23', '2011-07-20 19:48:22'),
('VT_HELPSTYLESHEET', 'VT_RES_TYPE', NULL, '02', 'Help Style Sheet URL', '2011-07-20 19:48:23', '2011-07-20 19:48:22', '2011-07-20 19:48:23', '2011-07-20 19:48:22'),
('VT_MSG_TMPLT_LOC', 'VT_RES_TYPE', NULL, '15', 'Main Messages Template Location', '2011-07-20 19:48:23', '2011-07-20 19:48:22', '2011-07-20 19:48:23', '2011-07-20 19:48:22'),
('VT_NAME', 'VT_RES_TYPE', NULL, '00', 'Visual Theme name', '2011-07-20 19:48:23', '2011-07-20 19:48:22', '2011-07-20 19:48:23', '2011-07-20 19:48:22'),
('VT_NAV_CLOSE_TMPLT', 'VT_RES_TYPE', NULL, '14', 'Closing Navigation Template Location', '2011-07-20 19:48:23', '2011-07-20 19:48:22', '2011-07-20 19:48:23', '2011-07-20 19:48:22'),
('VT_NAV_OPEN_TMPLT', 'VT_RES_TYPE', NULL, '13', 'Opening Navigation Template Location', '2011-07-20 19:48:23', '2011-07-20 19:48:22', '2011-07-20 19:48:23', '2011-07-20 19:48:22'),
('VT_NAV_TMPLT_LOC', 'VT_RES_TYPE', NULL, '12', 'Main Navigation Template Location', '2011-07-20 19:48:23', '2011-07-20 19:48:22', '2011-07-20 19:48:23', '2011-07-20 19:48:22'),
('VT_RTL_STYLESHEET', 'VT_RES_TYPE', NULL, '04', 'Right-to-Left (RTL) Style Sheet URL', '2011-07-20 19:48:23', '2011-07-20 19:48:22', '2011-07-20 19:48:23', '2011-07-20 19:48:22'),
('VT_SCREENSHOT', 'VT_RES_TYPE', NULL, '16', 'Theme Preview Screenshot', '2011-07-20 19:48:23', '2011-07-20 19:48:22', '2011-07-20 19:48:23', '2011-07-20 19:48:22'),
('VT_SHORTCUT_ICON', 'VT_RES_TYPE', NULL, '05', 'Shortcut Icon URL', '2011-07-20 19:48:23', '2011-07-20 19:48:22', '2011-07-20 19:48:23', '2011-07-20 19:48:22'),
('VT_STYLESHEET', 'VT_RES_TYPE', NULL, '01', 'Style Sheet URL', '2011-07-20 19:48:23', '2011-07-20 19:48:22', '2011-07-20 19:48:23', '2011-07-20 19:48:22');


INSERT INTO `VISUAL_THEME_SET` (`VISUAL_THEME_SET_ID`, `DESCRIPTION`, `LAST_UPDATED_STAMP`, `LAST_UPDATED_TX_STAMP`, `CREATED_STAMP`, `CREATED_TX_STAMP`) VALUES
('BACKOFFICE', 'Themes to be used for backoffice applications', '2011-07-20 19:48:23', '2011-07-20 19:48:22', '2011-07-20 19:48:23', '2011-07-20 19:48:22'),
('ECOMMERCE', 'Themes to be used for ECommerce applications', '2011-07-20 19:48:23', '2011-07-20 19:48:22', '2011-07-20 19:48:23', '2011-07-20 19:48:22');

INSERT INTO `VISUAL_THEME` (`VISUAL_THEME_ID`, `VISUAL_THEME_SET_ID`, `DESCRIPTION`, `LAST_UPDATED_STAMP`, `LAST_UPDATED_TX_STAMP`, `CREATED_STAMP`, `CREATED_TX_STAMP`) VALUES
('BIZZNESS_TIME', 'BACKOFFICE', 'It''s bizzness, it''s bizzness time.  I couldn''t have said it better myself. This theme gets down', '2011-07-20 19:48:34', '2011-07-20 19:48:34', '2011-07-20 19:48:34', '2011-07-20 19:48:34'),
('BLUELIGHT', 'BACKOFFICE', 'BlueLight Theme: Breadcrumbs, drop-down menus and rounded corners', '2011-07-20 19:48:34', '2011-07-20 19:48:34', '2011-07-20 19:48:34', '2011-07-20 19:48:34'),
('DROPPINGCRUMBS', 'BACKOFFICE', 'Dropping Crumbs: Includes a drop down menu embedded in the breadcrumbs bar', '2011-07-20 19:48:34', '2011-07-20 19:48:34', '2011-07-20 19:48:34', '2011-07-20 19:48:34'),
('FLAT_GREY', 'BACKOFFICE', 'Flat Grey - Old OFBiz Standard Floating Layout', '2011-07-20 19:48:34', '2011-07-20 19:48:34', '2011-07-20 19:48:34', '2011-07-20 19:48:34'),
('MULTIFLEX', 'ECOMMERCE', 'Alternative VisualTheme for Ecommerce', '2011-07-20 19:48:34', '2011-07-20 19:48:34', '2011-07-20 19:48:34', '2011-07-20 19:48:34'),
('TOMAHAWK', 'BACKOFFICE', 'Tomahawk: the evolution of the Dropping Crumbs theme', '2011-07-20 19:48:34', '2011-07-20 19:48:34', '2011-07-20 19:48:34', '2011-07-20 19:48:34'),
('VASISTA', 'BACKOFFICE', 'Vasista Theme: Breadcrumbs, drop-down menus and rounded corners', '2011-07-20 19:48:34', '2011-07-20 19:48:34', '2011-07-20 19:48:34', '2011-07-20 19:48:34');


INSERT INTO `VISUAL_THEME_RESOURCE` (`VISUAL_THEME_ID`, `RESOURCE_TYPE_ENUM_ID`, `SEQUENCE_ID`, `RESOURCE_VALUE`, `LAST_UPDATED_STAMP`, `LAST_UPDATED_TX_STAMP`, `CREATED_STAMP`, `CREATED_TX_STAMP`) VALUES
('BIZZNESS_TIME', 'VT_DOCBOOKSTYLESHEET', '01', '/bizznesstime/webapp/bizznesstime/css/docbook.css', '2011-07-20 19:48:34', '2011-07-20 19:48:34', '2011-07-20 19:48:34', '2011-07-20 19:48:34'),
('BIZZNESS_TIME', 'VT_FTR_TMPLT_LOC', '01', 'component://bizznesstime/includes/footer.ftl', '2011-07-20 19:48:34', '2011-07-20 19:48:34', '2011-07-20 19:48:34', '2011-07-20 19:48:34'),
('BIZZNESS_TIME', 'VT_HDR_IMAGE_URL', '01', '/images/ofbiz_logo.gif', '2011-07-20 19:48:34', '2011-07-20 19:48:34', '2011-07-20 19:48:34', '2011-07-20 19:48:34'),
('BIZZNESS_TIME', 'VT_HDR_JAVASCRIPT', '01', '/bizznesstime/js/application.js', '2011-07-20 19:48:34', '2011-07-20 19:48:34', '2011-07-20 19:48:34', '2011-07-20 19:48:34'),
('BIZZNESS_TIME', 'VT_HDR_TMPLT_LOC', '01', 'component://bizznesstime/includes/header.ftl', '2011-07-20 19:48:34', '2011-07-20 19:48:34', '2011-07-20 19:48:34', '2011-07-20 19:48:34'),
('BIZZNESS_TIME', 'VT_HELPSTYLESHEET', '01', '/bizznesstime/css/help.css', '2011-07-20 19:48:34', '2011-07-20 19:48:34', '2011-07-20 19:48:34', '2011-07-20 19:48:34'),
('BIZZNESS_TIME', 'VT_MSG_TMPLT_LOC', '01', 'component://bizznesstime/includes/messages.ftl', '2011-07-20 19:48:34', '2011-07-20 19:48:34', '2011-07-20 19:48:34', '2011-07-20 19:48:34'),
('BIZZNESS_TIME', 'VT_NAME', '01', 'BIZZNESS_TIME', '2011-07-20 19:48:34', '2011-07-20 19:48:34', '2011-07-20 19:48:34', '2011-07-20 19:48:34'),
('BIZZNESS_TIME', 'VT_NAV_TMPLT_LOC', '01', 'component://bizznesstime/includes/appbar.ftl', '2011-07-20 19:48:34', '2011-07-20 19:48:34', '2011-07-20 19:48:34', '2011-07-20 19:48:34'),
('BIZZNESS_TIME', 'VT_SCREENSHOT', '01', '/bizznesstime/screenshot.jpg', '2011-07-20 19:48:34', '2011-07-20 19:48:34', '2011-07-20 19:48:34', '2011-07-20 19:48:34'),
('BIZZNESS_TIME', 'VT_SHORTCUT_ICON', '01', '/images/ofbiz.ico', '2011-07-20 19:48:34', '2011-07-20 19:48:34', '2011-07-20 19:48:34', '2011-07-20 19:48:34'),
('BIZZNESS_TIME', 'VT_STYLESHEET', '01', '/bizznesstime/css/style.css', '2011-07-20 19:48:34', '2011-07-20 19:48:34', '2011-07-20 19:48:34', '2011-07-20 19:48:34'),
('BLUELIGHT', 'VT_DOCBOOKSTYLESHEET', '01', '/bluelight/webapp/bluelight/docbook.css', '2011-07-20 19:48:34', '2011-07-20 19:48:34', '2011-07-20 19:48:34', '2011-07-20 19:48:34'),
('BLUELIGHT', 'VT_FTR_TMPLT_LOC', '01', 'component://bluelight/includes/footer.ftl', '2011-07-20 19:48:34', '2011-07-20 19:48:34', '2011-07-20 19:48:34', '2011-07-20 19:48:34'),
('BLUELIGHT', 'VT_HDR_IMAGE_URL', '01', '/images/ofbiz_logo.gif', '2011-07-20 19:48:34', '2011-07-20 19:48:34', '2011-07-20 19:48:34', '2011-07-20 19:48:34'),
('BLUELIGHT', 'VT_HDR_JAVASCRIPT', '01', '/bluelight/dropdown.js', '2011-07-20 19:48:34', '2011-07-20 19:48:34', '2011-07-20 19:48:34', '2011-07-20 19:48:34'),
('BLUELIGHT', 'VT_HDR_TMPLT_LOC', '01', 'component://bluelight/includes/header.ftl', '2011-07-20 19:48:34', '2011-07-20 19:48:34', '2011-07-20 19:48:34', '2011-07-20 19:48:34'),
('BLUELIGHT', 'VT_HELPSTYLESHEET', '01', '/bluelight/help.css', '2011-07-20 19:48:34', '2011-07-20 19:48:34', '2011-07-20 19:48:34', '2011-07-20 19:48:34'),
('BLUELIGHT', 'VT_MSG_TMPLT_LOC', '01', 'component://bluelight/includes/messages.ftl', '2011-07-20 19:48:34', '2011-07-20 19:48:34', '2011-07-20 19:48:34', '2011-07-20 19:48:34'),
('BLUELIGHT', 'VT_NAME', '01', 'BLUELIGHT', '2011-07-20 19:48:34', '2011-07-20 19:48:34', '2011-07-20 19:48:34', '2011-07-20 19:48:34'),
('BLUELIGHT', 'VT_NAV_CLOSE_TMPLT', '01', 'component://bluelight/includes/appbarClose.ftl', '2011-07-20 19:48:34', '2011-07-20 19:48:34', '2011-07-20 19:48:34', '2011-07-20 19:48:34'),
('BLUELIGHT', 'VT_NAV_OPEN_TMPLT', '01', 'component://bluelight/includes/appbarOpen.ftl', '2011-07-20 19:48:34', '2011-07-20 19:48:34', '2011-07-20 19:48:34', '2011-07-20 19:48:34'),
('BLUELIGHT', 'VT_SCREENSHOT', '01', '/bluelight/screenshot.jpg', '2011-07-20 19:48:34', '2011-07-20 19:48:34', '2011-07-20 19:48:34', '2011-07-20 19:48:34'),
('BLUELIGHT', 'VT_SHORTCUT_ICON', '01', '/images/ofbiz.ico', '2011-07-20 19:48:34', '2011-07-20 19:48:34', '2011-07-20 19:48:34', '2011-07-20 19:48:34'),
('BLUELIGHT', 'VT_STYLESHEET', '01', '/bluelight/style.css', '2011-07-20 19:48:34', '2011-07-20 19:48:34', '2011-07-20 19:48:34', '2011-07-20 19:48:34'),
('DROPPINGCRUMBS', 'VT_DOCBOOKSTYLESHEET', '01', '/droppingcrumbs/webapp/droppingcrumbs/css/docbook.css', '2011-07-20 19:48:34', '2011-07-20 19:48:34', '2011-07-20 19:48:34', '2011-07-20 19:48:34'),
('DROPPINGCRUMBS', 'VT_FTR_TMPLT_LOC', '01', 'component://droppingcrumbs/includes/footer.ftl', '2011-07-20 19:48:34', '2011-07-20 19:48:34', '2011-07-20 19:48:34', '2011-07-20 19:48:34'),
('DROPPINGCRUMBS', 'VT_HDR_IMAGE_URL', '01', '/images/ofbiz_logo.gif', '2011-07-20 19:48:34', '2011-07-20 19:48:34', '2011-07-20 19:48:34', '2011-07-20 19:48:34'),
('DROPPINGCRUMBS', 'VT_HDR_JAVASCRIPT', '01', '/droppingcrumbs/js/dropdown.js', '2011-07-20 19:48:34', '2011-07-20 19:48:34', '2011-07-20 19:48:34', '2011-07-20 19:48:34'),
('DROPPINGCRUMBS', 'VT_HDR_TMPLT_LOC', '01', 'component://droppingcrumbs/includes/header.ftl', '2011-07-20 19:48:34', '2011-07-20 19:48:34', '2011-07-20 19:48:34', '2011-07-20 19:48:34'),
('DROPPINGCRUMBS', 'VT_HELPSTYLESHEET', '01', '/droppingcrumbs/css/help.css', '2011-07-20 19:48:34', '2011-07-20 19:48:34', '2011-07-20 19:48:34', '2011-07-20 19:48:34'),
('DROPPINGCRUMBS', 'VT_MSG_TMPLT_LOC', '01', 'component://common/webcommon/includes/messages.ftl', '2011-07-20 19:48:34', '2011-07-20 19:48:34', '2011-07-20 19:48:34', '2011-07-20 19:48:34'),
('DROPPINGCRUMBS', 'VT_NAME', '01', 'DROPPINGCRUMBS', '2011-07-20 19:48:34', '2011-07-20 19:48:34', '2011-07-20 19:48:34', '2011-07-20 19:48:34'),
('DROPPINGCRUMBS', 'VT_NAV_CLOSE_TMPLT', '01', 'component://droppingcrumbs/includes/appbarClose.ftl', '2011-07-20 19:48:34', '2011-07-20 19:48:34', '2011-07-20 19:48:34', '2011-07-20 19:48:34'),
('DROPPINGCRUMBS', 'VT_NAV_OPEN_TMPLT', '01', 'component://droppingcrumbs/includes/appbarOpen.ftl', '2011-07-20 19:48:34', '2011-07-20 19:48:34', '2011-07-20 19:48:34', '2011-07-20 19:48:34'),
('DROPPINGCRUMBS', 'VT_SCREENSHOT', '01', '/droppingcrumbs/screenshot.jpg', '2011-07-20 19:48:34', '2011-07-20 19:48:34', '2011-07-20 19:48:34', '2011-07-20 19:48:34'),
('DROPPINGCRUMBS', 'VT_SHORTCUT_ICON', '01', '/images/ofbiz.ico', '2011-07-20 19:48:34', '2011-07-20 19:48:34', '2011-07-20 19:48:34', '2011-07-20 19:48:34'),
('DROPPINGCRUMBS', 'VT_STYLESHEET', '01', '/droppingcrumbs/css/style.css', '2011-07-20 19:48:34', '2011-07-20 19:48:34', '2011-07-20 19:48:34', '2011-07-20 19:48:34'),
('FLAT_GREY', 'VT_DOCBOOKSTYLESHEET', '01', '/flatgrey/webapp/flatgrey/docbook.css', '2011-07-20 19:48:34', '2011-07-20 19:48:34', '2011-07-20 19:48:34', '2011-07-20 19:48:34'),
('FLAT_GREY', 'VT_FTR_TMPLT_LOC', '01', 'component://flatgrey/includes/footer.ftl', '2011-07-20 19:48:34', '2011-07-20 19:48:34', '2011-07-20 19:48:34', '2011-07-20 19:48:34'),
('FLAT_GREY', 'VT_HDR_IMAGE_URL', '01', '/images/ofbiz_logo.gif', '2011-07-20 19:48:34', '2011-07-20 19:48:34', '2011-07-20 19:48:34', '2011-07-20 19:48:34'),
('FLAT_GREY', 'VT_HDR_TMPLT_LOC', '01', 'component://flatgrey/includes/header.ftl', '2011-07-20 19:48:34', '2011-07-20 19:48:34', '2011-07-20 19:48:34', '2011-07-20 19:48:34'),
('FLAT_GREY', 'VT_HELPSTYLESHEET', '01', '/flatgrey/help.css', '2011-07-20 19:48:34', '2011-07-20 19:48:34', '2011-07-20 19:48:34', '2011-07-20 19:48:34'),
('FLAT_GREY', 'VT_MSG_TMPLT_LOC', '01', 'component://common/webcommon/includes/messages.ftl', '2011-07-20 19:48:34', '2011-07-20 19:48:34', '2011-07-20 19:48:34', '2011-07-20 19:48:34'),
('FLAT_GREY', 'VT_NAME', '01', 'FLAT_GREY', '2011-07-20 19:48:34', '2011-07-20 19:48:34', '2011-07-20 19:48:34', '2011-07-20 19:48:34'),
('FLAT_GREY', 'VT_NAV_TMPLT_LOC', '01', 'component://flatgrey/includes/appbar.ftl', '2011-07-20 19:48:34', '2011-07-20 19:48:34', '2011-07-20 19:48:34', '2011-07-20 19:48:34'),
('FLAT_GREY', 'VT_RTL_STYLESHEET', '01', '/flatgrey/mainrtl.css', '2011-07-20 19:48:34', '2011-07-20 19:48:34', '2011-07-20 19:48:34', '2011-07-20 19:48:34'),
('FLAT_GREY', 'VT_SCREENSHOT', '01', '/flatgrey/screenshot.gif', '2011-07-20 19:48:34', '2011-07-20 19:48:34', '2011-07-20 19:48:34', '2011-07-20 19:48:34'),
('FLAT_GREY', 'VT_SHORTCUT_ICON', '01', '/images/ofbiz.ico', '2011-07-20 19:48:34', '2011-07-20 19:48:34', '2011-07-20 19:48:34', '2011-07-20 19:48:34'),
('FLAT_GREY', 'VT_STYLESHEET', '01', '/flatgrey/maincss.css', '2011-07-20 19:48:34', '2011-07-20 19:48:34', '2011-07-20 19:48:34', '2011-07-20 19:48:34'),
('MULTIFLEX', 'VT_FTR_TMPLT_LOC', '01', 'component://multiflex/includes/footer.ftl', '2011-07-20 19:48:34', '2011-07-20 19:48:34', '2011-07-20 19:48:34', '2011-07-20 19:48:34'),
('MULTIFLEX', 'VT_HDR_IMAGE_URL', '01', '/images/ofbiz_logo.gif', '2011-07-20 19:48:34', '2011-07-20 19:48:34', '2011-07-20 19:48:34', '2011-07-20 19:48:34'),
('MULTIFLEX', 'VT_HDR_TMPLT_LOC', '01', 'component://multiflex/includes/header.ftl', '2011-07-20 19:48:34', '2011-07-20 19:48:34', '2011-07-20 19:48:34', '2011-07-20 19:48:34'),
('MULTIFLEX', 'VT_SCREENSHOT', '01', '/multiflex/screenshot.jpg', '2011-07-20 19:48:34', '2011-07-20 19:48:34', '2011-07-20 19:48:34', '2011-07-20 19:48:34'),
('MULTIFLEX', 'VT_SHORTCUT_ICON', '01', '/images/ofbiz.ico', '2011-07-20 19:48:34', '2011-07-20 19:48:34', '2011-07-20 19:48:34', '2011-07-20 19:48:34'),
('MULTIFLEX', 'VT_STYLESHEET', '01', '/ecommerce/images/blog.css', '2011-07-20 19:48:34', '2011-07-20 19:48:34', '2011-07-20 19:48:34', '2011-07-20 19:48:34'),
('MULTIFLEX', 'VT_STYLESHEET', '02', '/multiflex/style.css', '2011-07-20 19:48:34', '2011-07-20 19:48:34', '2011-07-20 19:48:34', '2011-07-20 19:48:34'),
('MULTIFLEX', 'VT_STYLESHEET', '03', '/images/prototypejs/popup.css', '2011-07-20 19:48:34', '2011-07-20 19:48:34', '2011-07-20 19:48:34', '2011-07-20 19:48:34'),
('MULTIFLEX', 'VT_STYLESHEET', '04', '/content/images/contentForum.css', '2011-07-20 19:48:34', '2011-07-20 19:48:34', '2011-07-20 19:48:34', '2011-07-20 19:48:34'),
('TOMAHAWK', 'VT_DOCBOOKSTYLESHEET', '01', '/tomahawk/webapp/tomahawk/css/docbook.css', '2011-07-20 19:48:34', '2011-07-20 19:48:34', '2011-07-20 19:48:34', '2011-07-20 19:48:34'),
('TOMAHAWK', 'VT_FTR_TMPLT_LOC', '01', 'component://tomahawk/includes/footer.ftl', '2011-07-20 19:48:34', '2011-07-20 19:48:34', '2011-07-20 19:48:34', '2011-07-20 19:48:34'),
('TOMAHAWK', 'VT_HDR_IMAGE_URL', '01', '/images/ofbiz_logo.gif', '2011-07-20 19:48:34', '2011-07-20 19:48:34', '2011-07-20 19:48:34', '2011-07-20 19:48:34'),
('TOMAHAWK', 'VT_HDR_JAVASCRIPT', '01', '/tomahawk/js/dropdown.js', '2011-07-20 19:48:34', '2011-07-20 19:48:34', '2011-07-20 19:48:34', '2011-07-20 19:48:34'),
('TOMAHAWK', 'VT_HDR_TMPLT_LOC', '01', 'component://tomahawk/includes/header.ftl', '2011-07-20 19:48:34', '2011-07-20 19:48:34', '2011-07-20 19:48:34', '2011-07-20 19:48:34'),
('TOMAHAWK', 'VT_HELPSTYLESHEET', '01', '/tomahawk/css/help.css', '2011-07-20 19:48:34', '2011-07-20 19:48:34', '2011-07-20 19:48:34', '2011-07-20 19:48:34'),
('TOMAHAWK', 'VT_MSG_TMPLT_LOC', '01', 'component://common/webcommon/includes/messages.ftl', '2011-07-20 19:48:34', '2011-07-20 19:48:34', '2011-07-20 19:48:34', '2011-07-20 19:48:34'),
('TOMAHAWK', 'VT_NAME', '01', 'TOMAHAWK', '2011-07-20 19:48:34', '2011-07-20 19:48:34', '2011-07-20 19:48:34', '2011-07-20 19:48:34'),
('TOMAHAWK', 'VT_NAV_CLOSE_TMPLT', '01', 'component://tomahawk/includes/appbarClose.ftl', '2011-07-20 19:48:34', '2011-07-20 19:48:34', '2011-07-20 19:48:34', '2011-07-20 19:48:34'),
('TOMAHAWK', 'VT_NAV_OPEN_TMPLT', '01', 'component://tomahawk/includes/appbarOpen.ftl', '2011-07-20 19:48:34', '2011-07-20 19:48:34', '2011-07-20 19:48:34', '2011-07-20 19:48:34'),
('TOMAHAWK', 'VT_SCREENSHOT', '01', '/tomahawk/screenshot.jpg', '2011-07-20 19:48:34', '2011-07-20 19:48:34', '2011-07-20 19:48:34', '2011-07-20 19:48:34'),
('TOMAHAWK', 'VT_SHORTCUT_ICON', '01', '/images/ofbiz.ico', '2011-07-20 19:48:34', '2011-07-20 19:48:34', '2011-07-20 19:48:34', '2011-07-20 19:48:34'),
('TOMAHAWK', 'VT_STYLESHEET', '01', '/tomahawk/css/style.css', '2011-07-20 19:48:34', '2011-07-20 19:48:34', '2011-07-20 19:48:34', '2011-07-20 19:48:34'),
('VASISTA', 'VT_DOCBOOKSTYLESHEET', '01', '/vasista/webapp/vasista/docbook.css', '2011-07-20 19:48:34', '2011-07-20 19:48:34', '2011-07-20 19:48:34', '2011-07-20 19:48:34'),
('VASISTA', 'VT_FTR_TMPLT_LOC', '01', 'component://vasista/includes/footer.ftl', '2011-07-20 19:48:34', '2011-07-20 19:48:34', '2011-07-20 19:48:34', '2011-07-20 19:48:34'),
('VASISTA', 'VT_HDR_IMAGE_URL', '01', '/vasista/vbiz_logo.gif', '2011-07-20 19:48:34', '2011-07-20 19:48:34', '2011-07-20 19:48:34', '2011-07-20 19:48:34'),
('VASISTA', 'VT_HDR_JAVASCRIPT', '01', '/vasista/dropdown.js', '2011-07-20 19:48:34', '2011-07-20 19:48:34', '2011-07-20 19:48:34', '2011-07-20 19:48:34'),
('VASISTA', 'VT_HDR_TMPLT_LOC', '01', 'component://vasista/includes/header.ftl', '2011-07-20 19:48:34', '2011-07-20 19:48:34', '2011-07-20 19:48:34', '2011-07-20 19:48:34'),
('VASISTA', 'VT_HELPSTYLESHEET', '01', '/vasista/help.css', '2011-07-20 19:48:34', '2011-07-20 19:48:34', '2011-07-20 19:48:34', '2011-07-20 19:48:34'),
('VASISTA', 'VT_MSG_TMPLT_LOC', '01', 'component://vasista/includes/messages.ftl', '2011-07-20 19:48:35', '2011-07-20 19:48:34', '2011-07-20 19:48:35', '2011-07-20 19:48:34'),
('VASISTA', 'VT_NAME', '01', 'VASISTA', '2011-07-20 19:48:34', '2011-07-20 19:48:34', '2011-07-20 19:48:34', '2011-07-20 19:48:34'),
('VASISTA', 'VT_NAV_CLOSE_TMPLT', '01', 'component://vasista/includes/appbarClose.ftl', '2011-07-20 19:48:34', '2011-07-20 19:48:34', '2011-07-20 19:48:34', '2011-07-20 19:48:34'),
('VASISTA', 'VT_NAV_OPEN_TMPLT', '01', 'component://vasista/includes/appbarOpen.ftl', '2011-07-20 19:48:34', '2011-07-20 19:48:34', '2011-07-20 19:48:34', '2011-07-20 19:48:34'),
('VASISTA', 'VT_SCREENSHOT', '01', '/vasista/screenshot.jpg', '2011-07-20 19:48:35', '2011-07-20 19:48:34', '2011-07-20 19:48:35', '2011-07-20 19:48:34'),
('VASISTA', 'VT_SHORTCUT_ICON', '01', '/images/vbiz.ico', '2011-07-20 19:48:34', '2011-07-20 19:48:34', '2011-07-20 19:48:34', '2011-07-20 19:48:34'),
('VASISTA', 'VT_STYLESHEET', '01', '/vasista/style.css', '2011-07-20 19:48:34', '2011-07-20 19:48:34', '2011-07-20 19:48:34', '2011-07-20 19:48:34');



